,hr_state,sysbp_state,glucose_state,oxygen_state,diabetes_state,antibiotic_state,vaso_state,vent_state
0,0,0,0,0,0,0,0,0
1,0,0,0,0,0,0,0,1
2,0,0,0,0,0,0,1,0
3,0,0,0,0,0,0,1,1
4,0,0,0,0,0,1,0,0
5,0,0,0,0,0,1,0,1
6,0,0,0,0,0,1,1,0
7,0,0,0,0,0,1,1,1
8,0,0,1,0,0,0,0,0
9,0,0,1,0,0,0,0,1
10,0,0,1,0,0,0,1,0
11,0,0,1,0,0,0,1,1
12,0,0,1,0,0,1,0,0
13,0,0,1,0,0,1,0,1
14,0,0,1,0,0,1,1,0
15,0,0,1,0,0,1,1,1
16,0,0,2,0,0,0,0,0
17,0,0,2,0,0,0,0,1
18,0,0,2,0,0,0,1,0
19,0,0,2,0,0,0,1,1
20,0,0,2,0,0,1,0,0
21,0,0,2,0,0,1,0,1
22,0,0,2,0,0,1,1,0
23,0,0,2,0,0,1,1,1
24,0,0,3,0,0,0,0,0
25,0,0,3,0,0,0,0,1
26,0,0,3,0,0,0,1,0
27,0,0,3,0,0,0,1,1
28,0,0,3,0,0,1,0,0
29,0,0,3,0,0,1,0,1
30,0,0,3,0,0,1,1,0
31,0,0,3,0,0,1,1,1
32,0,0,4,0,0,0,0,0
33,0,0,4,0,0,0,0,1
34,0,0,4,0,0,0,1,0
35,0,0,4,0,0,0,1,1
36,0,0,4,0,0,1,0,0
37,0,0,4,0,0,1,0,1
38,0,0,4,0,0,1,1,0
39,0,0,4,0,0,1,1,1
40,0,0,0,1,0,0,0,0
41,0,0,0,1,0,0,0,1
42,0,0,0,1,0,0,1,0
43,0,0,0,1,0,0,1,1
44,0,0,0,1,0,1,0,0
45,0,0,0,1,0,1,0,1
46,0,0,0,1,0,1,1,0
47,0,0,0,1,0,1,1,1
48,0,0,1,1,0,0,0,0
49,0,0,1,1,0,0,0,1
50,0,0,1,1,0,0,1,0
51,0,0,1,1,0,0,1,1
52,0,0,1,1,0,1,0,0
53,0,0,1,1,0,1,0,1
54,0,0,1,1,0,1,1,0
55,0,0,1,1,0,1,1,1
56,0,0,2,1,0,0,0,0
57,0,0,2,1,0,0,0,1
58,0,0,2,1,0,0,1,0
59,0,0,2,1,0,0,1,1
60,0,0,2,1,0,1,0,0
61,0,0,2,1,0,1,0,1
62,0,0,2,1,0,1,1,0
63,0,0,2,1,0,1,1,1
64,0,0,3,1,0,0,0,0
65,0,0,3,1,0,0,0,1
66,0,0,3,1,0,0,1,0
67,0,0,3,1,0,0,1,1
68,0,0,3,1,0,1,0,0
69,0,0,3,1,0,1,0,1
70,0,0,3,1,0,1,1,0
71,0,0,3,1,0,1,1,1
72,0,0,4,1,0,0,0,0
73,0,0,4,1,0,0,0,1
74,0,0,4,1,0,0,1,0
75,0,0,4,1,0,0,1,1
76,0,0,4,1,0,1,0,0
77,0,0,4,1,0,1,0,1
78,0,0,4,1,0,1,1,0
79,0,0,4,1,0,1,1,1
80,0,1,0,0,0,0,0,0
81,0,1,0,0,0,0,0,1
82,0,1,0,0,0,0,1,0
83,0,1,0,0,0,0,1,1
84,0,1,0,0,0,1,0,0
85,0,1,0,0,0,1,0,1
86,0,1,0,0,0,1,1,0
87,0,1,0,0,0,1,1,1
88,0,1,1,0,0,0,0,0
89,0,1,1,0,0,0,0,1
90,0,1,1,0,0,0,1,0
91,0,1,1,0,0,0,1,1
92,0,1,1,0,0,1,0,0
93,0,1,1,0,0,1,0,1
94,0,1,1,0,0,1,1,0
95,0,1,1,0,0,1,1,1
96,0,1,2,0,0,0,0,0
97,0,1,2,0,0,0,0,1
98,0,1,2,0,0,0,1,0
99,0,1,2,0,0,0,1,1
100,0,1,2,0,0,1,0,0
101,0,1,2,0,0,1,0,1
102,0,1,2,0,0,1,1,0
103,0,1,2,0,0,1,1,1
104,0,1,3,0,0,0,0,0
105,0,1,3,0,0,0,0,1
106,0,1,3,0,0,0,1,0
107,0,1,3,0,0,0,1,1
108,0,1,3,0,0,1,0,0
109,0,1,3,0,0,1,0,1
110,0,1,3,0,0,1,1,0
111,0,1,3,0,0,1,1,1
112,0,1,4,0,0,0,0,0
113,0,1,4,0,0,0,0,1
114,0,1,4,0,0,0,1,0
115,0,1,4,0,0,0,1,1
116,0,1,4,0,0,1,0,0
117,0,1,4,0,0,1,0,1
118,0,1,4,0,0,1,1,0
119,0,1,4,0,0,1,1,1
120,0,1,0,1,0,0,0,0
121,0,1,0,1,0,0,0,1
122,0,1,0,1,0,0,1,0
123,0,1,0,1,0,0,1,1
124,0,1,0,1,0,1,0,0
125,0,1,0,1,0,1,0,1
126,0,1,0,1,0,1,1,0
127,0,1,0,1,0,1,1,1
128,0,1,1,1,0,0,0,0
129,0,1,1,1,0,0,0,1
130,0,1,1,1,0,0,1,0
131,0,1,1,1,0,0,1,1
132,0,1,1,1,0,1,0,0
133,0,1,1,1,0,1,0,1
134,0,1,1,1,0,1,1,0
135,0,1,1,1,0,1,1,1
136,0,1,2,1,0,0,0,0
137,0,1,2,1,0,0,0,1
138,0,1,2,1,0,0,1,0
139,0,1,2,1,0,0,1,1
140,0,1,2,1,0,1,0,0
141,0,1,2,1,0,1,0,1
142,0,1,2,1,0,1,1,0
143,0,1,2,1,0,1,1,1
144,0,1,3,1,0,0,0,0
145,0,1,3,1,0,0,0,1
146,0,1,3,1,0,0,1,0
147,0,1,3,1,0,0,1,1
148,0,1,3,1,0,1,0,0
149,0,1,3,1,0,1,0,1
150,0,1,3,1,0,1,1,0
151,0,1,3,1,0,1,1,1
152,0,1,4,1,0,0,0,0
153,0,1,4,1,0,0,0,1
154,0,1,4,1,0,0,1,0
155,0,1,4,1,0,0,1,1
156,0,1,4,1,0,1,0,0
157,0,1,4,1,0,1,0,1
158,0,1,4,1,0,1,1,0
159,0,1,4,1,0,1,1,1
160,0,2,0,0,0,0,0,0
161,0,2,0,0,0,0,0,1
162,0,2,0,0,0,0,1,0
163,0,2,0,0,0,0,1,1
164,0,2,0,0,0,1,0,0
165,0,2,0,0,0,1,0,1
166,0,2,0,0,0,1,1,0
167,0,2,0,0,0,1,1,1
168,0,2,1,0,0,0,0,0
169,0,2,1,0,0,0,0,1
170,0,2,1,0,0,0,1,0
171,0,2,1,0,0,0,1,1
172,0,2,1,0,0,1,0,0
173,0,2,1,0,0,1,0,1
174,0,2,1,0,0,1,1,0
175,0,2,1,0,0,1,1,1
176,0,2,2,0,0,0,0,0
177,0,2,2,0,0,0,0,1
178,0,2,2,0,0,0,1,0
179,0,2,2,0,0,0,1,1
180,0,2,2,0,0,1,0,0
181,0,2,2,0,0,1,0,1
182,0,2,2,0,0,1,1,0
183,0,2,2,0,0,1,1,1
184,0,2,3,0,0,0,0,0
185,0,2,3,0,0,0,0,1
186,0,2,3,0,0,0,1,0
187,0,2,3,0,0,0,1,1
188,0,2,3,0,0,1,0,0
189,0,2,3,0,0,1,0,1
190,0,2,3,0,0,1,1,0
191,0,2,3,0,0,1,1,1
192,0,2,4,0,0,0,0,0
193,0,2,4,0,0,0,0,1
194,0,2,4,0,0,0,1,0
195,0,2,4,0,0,0,1,1
196,0,2,4,0,0,1,0,0
197,0,2,4,0,0,1,0,1
198,0,2,4,0,0,1,1,0
199,0,2,4,0,0,1,1,1
200,0,2,0,1,0,0,0,0
201,0,2,0,1,0,0,0,1
202,0,2,0,1,0,0,1,0
203,0,2,0,1,0,0,1,1
204,0,2,0,1,0,1,0,0
205,0,2,0,1,0,1,0,1
206,0,2,0,1,0,1,1,0
207,0,2,0,1,0,1,1,1
208,0,2,1,1,0,0,0,0
209,0,2,1,1,0,0,0,1
210,0,2,1,1,0,0,1,0
211,0,2,1,1,0,0,1,1
212,0,2,1,1,0,1,0,0
213,0,2,1,1,0,1,0,1
214,0,2,1,1,0,1,1,0
215,0,2,1,1,0,1,1,1
216,0,2,2,1,0,0,0,0
217,0,2,2,1,0,0,0,1
218,0,2,2,1,0,0,1,0
219,0,2,2,1,0,0,1,1
220,0,2,2,1,0,1,0,0
221,0,2,2,1,0,1,0,1
222,0,2,2,1,0,1,1,0
223,0,2,2,1,0,1,1,1
224,0,2,3,1,0,0,0,0
225,0,2,3,1,0,0,0,1
226,0,2,3,1,0,0,1,0
227,0,2,3,1,0,0,1,1
228,0,2,3,1,0,1,0,0
229,0,2,3,1,0,1,0,1
230,0,2,3,1,0,1,1,0
231,0,2,3,1,0,1,1,1
232,0,2,4,1,0,0,0,0
233,0,2,4,1,0,0,0,1
234,0,2,4,1,0,0,1,0
235,0,2,4,1,0,0,1,1
236,0,2,4,1,0,1,0,0
237,0,2,4,1,0,1,0,1
238,0,2,4,1,0,1,1,0
239,0,2,4,1,0,1,1,1
240,1,0,0,0,0,0,0,0
241,1,0,0,0,0,0,0,1
242,1,0,0,0,0,0,1,0
243,1,0,0,0,0,0,1,1
244,1,0,0,0,0,1,0,0
245,1,0,0,0,0,1,0,1
246,1,0,0,0,0,1,1,0
247,1,0,0,0,0,1,1,1
248,1,0,1,0,0,0,0,0
249,1,0,1,0,0,0,0,1
250,1,0,1,0,0,0,1,0
251,1,0,1,0,0,0,1,1
252,1,0,1,0,0,1,0,0
253,1,0,1,0,0,1,0,1
254,1,0,1,0,0,1,1,0
255,1,0,1,0,0,1,1,1
256,1,0,2,0,0,0,0,0
257,1,0,2,0,0,0,0,1
258,1,0,2,0,0,0,1,0
259,1,0,2,0,0,0,1,1
260,1,0,2,0,0,1,0,0
261,1,0,2,0,0,1,0,1
262,1,0,2,0,0,1,1,0
263,1,0,2,0,0,1,1,1
264,1,0,3,0,0,0,0,0
265,1,0,3,0,0,0,0,1
266,1,0,3,0,0,0,1,0
267,1,0,3,0,0,0,1,1
268,1,0,3,0,0,1,0,0
269,1,0,3,0,0,1,0,1
270,1,0,3,0,0,1,1,0
271,1,0,3,0,0,1,1,1
272,1,0,4,0,0,0,0,0
273,1,0,4,0,0,0,0,1
274,1,0,4,0,0,0,1,0
275,1,0,4,0,0,0,1,1
276,1,0,4,0,0,1,0,0
277,1,0,4,0,0,1,0,1
278,1,0,4,0,0,1,1,0
279,1,0,4,0,0,1,1,1
280,1,0,0,1,0,0,0,0
281,1,0,0,1,0,0,0,1
282,1,0,0,1,0,0,1,0
283,1,0,0,1,0,0,1,1
284,1,0,0,1,0,1,0,0
285,1,0,0,1,0,1,0,1
286,1,0,0,1,0,1,1,0
287,1,0,0,1,0,1,1,1
288,1,0,1,1,0,0,0,0
289,1,0,1,1,0,0,0,1
290,1,0,1,1,0,0,1,0
291,1,0,1,1,0,0,1,1
292,1,0,1,1,0,1,0,0
293,1,0,1,1,0,1,0,1
294,1,0,1,1,0,1,1,0
295,1,0,1,1,0,1,1,1
296,1,0,2,1,0,0,0,0
297,1,0,2,1,0,0,0,1
298,1,0,2,1,0,0,1,0
299,1,0,2,1,0,0,1,1
300,1,0,2,1,0,1,0,0
301,1,0,2,1,0,1,0,1
302,1,0,2,1,0,1,1,0
303,1,0,2,1,0,1,1,1
304,1,0,3,1,0,0,0,0
305,1,0,3,1,0,0,0,1
306,1,0,3,1,0,0,1,0
307,1,0,3,1,0,0,1,1
308,1,0,3,1,0,1,0,0
309,1,0,3,1,0,1,0,1
310,1,0,3,1,0,1,1,0
311,1,0,3,1,0,1,1,1
312,1,0,4,1,0,0,0,0
313,1,0,4,1,0,0,0,1
314,1,0,4,1,0,0,1,0
315,1,0,4,1,0,0,1,1
316,1,0,4,1,0,1,0,0
317,1,0,4,1,0,1,0,1
318,1,0,4,1,0,1,1,0
319,1,0,4,1,0,1,1,1
320,1,1,0,0,0,0,0,0
321,1,1,0,0,0,0,0,1
322,1,1,0,0,0,0,1,0
323,1,1,0,0,0,0,1,1
324,1,1,0,0,0,1,0,0
325,1,1,0,0,0,1,0,1
326,1,1,0,0,0,1,1,0
327,1,1,0,0,0,1,1,1
328,1,1,1,0,0,0,0,0
329,1,1,1,0,0,0,0,1
330,1,1,1,0,0,0,1,0
331,1,1,1,0,0,0,1,1
332,1,1,1,0,0,1,0,0
333,1,1,1,0,0,1,0,1
334,1,1,1,0,0,1,1,0
335,1,1,1,0,0,1,1,1
336,1,1,2,0,0,0,0,0
337,1,1,2,0,0,0,0,1
338,1,1,2,0,0,0,1,0
339,1,1,2,0,0,0,1,1
340,1,1,2,0,0,1,0,0
341,1,1,2,0,0,1,0,1
342,1,1,2,0,0,1,1,0
343,1,1,2,0,0,1,1,1
344,1,1,3,0,0,0,0,0
345,1,1,3,0,0,0,0,1
346,1,1,3,0,0,0,1,0
347,1,1,3,0,0,0,1,1
348,1,1,3,0,0,1,0,0
349,1,1,3,0,0,1,0,1
350,1,1,3,0,0,1,1,0
351,1,1,3,0,0,1,1,1
352,1,1,4,0,0,0,0,0
353,1,1,4,0,0,0,0,1
354,1,1,4,0,0,0,1,0
355,1,1,4,0,0,0,1,1
356,1,1,4,0,0,1,0,0
357,1,1,4,0,0,1,0,1
358,1,1,4,0,0,1,1,0
359,1,1,4,0,0,1,1,1
360,1,1,0,1,0,0,0,0
361,1,1,0,1,0,0,0,1
362,1,1,0,1,0,0,1,0
363,1,1,0,1,0,0,1,1
364,1,1,0,1,0,1,0,0
365,1,1,0,1,0,1,0,1
366,1,1,0,1,0,1,1,0
367,1,1,0,1,0,1,1,1
368,1,1,1,1,0,0,0,0
369,1,1,1,1,0,0,0,1
370,1,1,1,1,0,0,1,0
371,1,1,1,1,0,0,1,1
372,1,1,1,1,0,1,0,0
373,1,1,1,1,0,1,0,1
374,1,1,1,1,0,1,1,0
375,1,1,1,1,0,1,1,1
376,1,1,2,1,0,0,0,0
377,1,1,2,1,0,0,0,1
378,1,1,2,1,0,0,1,0
379,1,1,2,1,0,0,1,1
380,1,1,2,1,0,1,0,0
381,1,1,2,1,0,1,0,1
382,1,1,2,1,0,1,1,0
383,1,1,2,1,0,1,1,1
384,1,1,3,1,0,0,0,0
385,1,1,3,1,0,0,0,1
386,1,1,3,1,0,0,1,0
387,1,1,3,1,0,0,1,1
388,1,1,3,1,0,1,0,0
389,1,1,3,1,0,1,0,1
390,1,1,3,1,0,1,1,0
391,1,1,3,1,0,1,1,1
392,1,1,4,1,0,0,0,0
393,1,1,4,1,0,0,0,1
394,1,1,4,1,0,0,1,0
395,1,1,4,1,0,0,1,1
396,1,1,4,1,0,1,0,0
397,1,1,4,1,0,1,0,1
398,1,1,4,1,0,1,1,0
399,1,1,4,1,0,1,1,1
400,1,2,0,0,0,0,0,0
401,1,2,0,0,0,0,0,1
402,1,2,0,0,0,0,1,0
403,1,2,0,0,0,0,1,1
404,1,2,0,0,0,1,0,0
405,1,2,0,0,0,1,0,1
406,1,2,0,0,0,1,1,0
407,1,2,0,0,0,1,1,1
408,1,2,1,0,0,0,0,0
409,1,2,1,0,0,0,0,1
410,1,2,1,0,0,0,1,0
411,1,2,1,0,0,0,1,1
412,1,2,1,0,0,1,0,0
413,1,2,1,0,0,1,0,1
414,1,2,1,0,0,1,1,0
415,1,2,1,0,0,1,1,1
416,1,2,2,0,0,0,0,0
417,1,2,2,0,0,0,0,1
418,1,2,2,0,0,0,1,0
419,1,2,2,0,0,0,1,1
420,1,2,2,0,0,1,0,0
421,1,2,2,0,0,1,0,1
422,1,2,2,0,0,1,1,0
423,1,2,2,0,0,1,1,1
424,1,2,3,0,0,0,0,0
425,1,2,3,0,0,0,0,1
426,1,2,3,0,0,0,1,0
427,1,2,3,0,0,0,1,1
428,1,2,3,0,0,1,0,0
429,1,2,3,0,0,1,0,1
430,1,2,3,0,0,1,1,0
431,1,2,3,0,0,1,1,1
432,1,2,4,0,0,0,0,0
433,1,2,4,0,0,0,0,1
434,1,2,4,0,0,0,1,0
435,1,2,4,0,0,0,1,1
436,1,2,4,0,0,1,0,0
437,1,2,4,0,0,1,0,1
438,1,2,4,0,0,1,1,0
439,1,2,4,0,0,1,1,1
440,1,2,0,1,0,0,0,0
441,1,2,0,1,0,0,0,1
442,1,2,0,1,0,0,1,0
443,1,2,0,1,0,0,1,1
444,1,2,0,1,0,1,0,0
445,1,2,0,1,0,1,0,1
446,1,2,0,1,0,1,1,0
447,1,2,0,1,0,1,1,1
448,1,2,1,1,0,0,0,0
449,1,2,1,1,0,0,0,1
450,1,2,1,1,0,0,1,0
451,1,2,1,1,0,0,1,1
452,1,2,1,1,0,1,0,0
453,1,2,1,1,0,1,0,1
454,1,2,1,1,0,1,1,0
455,1,2,1,1,0,1,1,1
456,1,2,2,1,0,0,0,0
457,1,2,2,1,0,0,0,1
458,1,2,2,1,0,0,1,0
459,1,2,2,1,0,0,1,1
460,1,2,2,1,0,1,0,0
461,1,2,2,1,0,1,0,1
462,1,2,2,1,0,1,1,0
463,1,2,2,1,0,1,1,1
464,1,2,3,1,0,0,0,0
465,1,2,3,1,0,0,0,1
466,1,2,3,1,0,0,1,0
467,1,2,3,1,0,0,1,1
468,1,2,3,1,0,1,0,0
469,1,2,3,1,0,1,0,1
470,1,2,3,1,0,1,1,0
471,1,2,3,1,0,1,1,1
472,1,2,4,1,0,0,0,0
473,1,2,4,1,0,0,0,1
474,1,2,4,1,0,0,1,0
475,1,2,4,1,0,0,1,1
476,1,2,4,1,0,1,0,0
477,1,2,4,1,0,1,0,1
478,1,2,4,1,0,1,1,0
479,1,2,4,1,0,1,1,1
480,2,0,0,0,0,0,0,0
481,2,0,0,0,0,0,0,1
482,2,0,0,0,0,0,1,0
483,2,0,0,0,0,0,1,1
484,2,0,0,0,0,1,0,0
485,2,0,0,0,0,1,0,1
486,2,0,0,0,0,1,1,0
487,2,0,0,0,0,1,1,1
488,2,0,1,0,0,0,0,0
489,2,0,1,0,0,0,0,1
490,2,0,1,0,0,0,1,0
491,2,0,1,0,0,0,1,1
492,2,0,1,0,0,1,0,0
493,2,0,1,0,0,1,0,1
494,2,0,1,0,0,1,1,0
495,2,0,1,0,0,1,1,1
496,2,0,2,0,0,0,0,0
497,2,0,2,0,0,0,0,1
498,2,0,2,0,0,0,1,0
499,2,0,2,0,0,0,1,1
500,2,0,2,0,0,1,0,0
501,2,0,2,0,0,1,0,1
502,2,0,2,0,0,1,1,0
503,2,0,2,0,0,1,1,1
504,2,0,3,0,0,0,0,0
505,2,0,3,0,0,0,0,1
506,2,0,3,0,0,0,1,0
507,2,0,3,0,0,0,1,1
508,2,0,3,0,0,1,0,0
509,2,0,3,0,0,1,0,1
510,2,0,3,0,0,1,1,0
511,2,0,3,0,0,1,1,1
512,2,0,4,0,0,0,0,0
513,2,0,4,0,0,0,0,1
514,2,0,4,0,0,0,1,0
515,2,0,4,0,0,0,1,1
516,2,0,4,0,0,1,0,0
517,2,0,4,0,0,1,0,1
518,2,0,4,0,0,1,1,0
519,2,0,4,0,0,1,1,1
520,2,0,0,1,0,0,0,0
521,2,0,0,1,0,0,0,1
522,2,0,0,1,0,0,1,0
523,2,0,0,1,0,0,1,1
524,2,0,0,1,0,1,0,0
525,2,0,0,1,0,1,0,1
526,2,0,0,1,0,1,1,0
527,2,0,0,1,0,1,1,1
528,2,0,1,1,0,0,0,0
529,2,0,1,1,0,0,0,1
530,2,0,1,1,0,0,1,0
531,2,0,1,1,0,0,1,1
532,2,0,1,1,0,1,0,0
533,2,0,1,1,0,1,0,1
534,2,0,1,1,0,1,1,0
535,2,0,1,1,0,1,1,1
536,2,0,2,1,0,0,0,0
537,2,0,2,1,0,0,0,1
538,2,0,2,1,0,0,1,0
539,2,0,2,1,0,0,1,1
540,2,0,2,1,0,1,0,0
541,2,0,2,1,0,1,0,1
542,2,0,2,1,0,1,1,0
543,2,0,2,1,0,1,1,1
544,2,0,3,1,0,0,0,0
545,2,0,3,1,0,0,0,1
546,2,0,3,1,0,0,1,0
547,2,0,3,1,0,0,1,1
548,2,0,3,1,0,1,0,0
549,2,0,3,1,0,1,0,1
550,2,0,3,1,0,1,1,0
551,2,0,3,1,0,1,1,1
552,2,0,4,1,0,0,0,0
553,2,0,4,1,0,0,0,1
554,2,0,4,1,0,0,1,0
555,2,0,4,1,0,0,1,1
556,2,0,4,1,0,1,0,0
557,2,0,4,1,0,1,0,1
558,2,0,4,1,0,1,1,0
559,2,0,4,1,0,1,1,1
560,2,1,0,0,0,0,0,0
561,2,1,0,0,0,0,0,1
562,2,1,0,0,0,0,1,0
563,2,1,0,0,0,0,1,1
564,2,1,0,0,0,1,0,0
565,2,1,0,0,0,1,0,1
566,2,1,0,0,0,1,1,0
567,2,1,0,0,0,1,1,1
568,2,1,1,0,0,0,0,0
569,2,1,1,0,0,0,0,1
570,2,1,1,0,0,0,1,0
571,2,1,1,0,0,0,1,1
572,2,1,1,0,0,1,0,0
573,2,1,1,0,0,1,0,1
574,2,1,1,0,0,1,1,0
575,2,1,1,0,0,1,1,1
576,2,1,2,0,0,0,0,0
577,2,1,2,0,0,0,0,1
578,2,1,2,0,0,0,1,0
579,2,1,2,0,0,0,1,1
580,2,1,2,0,0,1,0,0
581,2,1,2,0,0,1,0,1
582,2,1,2,0,0,1,1,0
583,2,1,2,0,0,1,1,1
584,2,1,3,0,0,0,0,0
585,2,1,3,0,0,0,0,1
586,2,1,3,0,0,0,1,0
587,2,1,3,0,0,0,1,1
588,2,1,3,0,0,1,0,0
589,2,1,3,0,0,1,0,1
590,2,1,3,0,0,1,1,0
591,2,1,3,0,0,1,1,1
592,2,1,4,0,0,0,0,0
593,2,1,4,0,0,0,0,1
594,2,1,4,0,0,0,1,0
595,2,1,4,0,0,0,1,1
596,2,1,4,0,0,1,0,0
597,2,1,4,0,0,1,0,1
598,2,1,4,0,0,1,1,0
599,2,1,4,0,0,1,1,1
600,2,1,0,1,0,0,0,0
601,2,1,0,1,0,0,0,1
602,2,1,0,1,0,0,1,0
603,2,1,0,1,0,0,1,1
604,2,1,0,1,0,1,0,0
605,2,1,0,1,0,1,0,1
606,2,1,0,1,0,1,1,0
607,2,1,0,1,0,1,1,1
608,2,1,1,1,0,0,0,0
609,2,1,1,1,0,0,0,1
610,2,1,1,1,0,0,1,0
611,2,1,1,1,0,0,1,1
612,2,1,1,1,0,1,0,0
613,2,1,1,1,0,1,0,1
614,2,1,1,1,0,1,1,0
615,2,1,1,1,0,1,1,1
616,2,1,2,1,0,0,0,0
617,2,1,2,1,0,0,0,1
618,2,1,2,1,0,0,1,0
619,2,1,2,1,0,0,1,1
620,2,1,2,1,0,1,0,0
621,2,1,2,1,0,1,0,1
622,2,1,2,1,0,1,1,0
623,2,1,2,1,0,1,1,1
624,2,1,3,1,0,0,0,0
625,2,1,3,1,0,0,0,1
626,2,1,3,1,0,0,1,0
627,2,1,3,1,0,0,1,1
628,2,1,3,1,0,1,0,0
629,2,1,3,1,0,1,0,1
630,2,1,3,1,0,1,1,0
631,2,1,3,1,0,1,1,1
632,2,1,4,1,0,0,0,0
633,2,1,4,1,0,0,0,1
634,2,1,4,1,0,0,1,0
635,2,1,4,1,0,0,1,1
636,2,1,4,1,0,1,0,0
637,2,1,4,1,0,1,0,1
638,2,1,4,1,0,1,1,0
639,2,1,4,1,0,1,1,1
640,2,2,0,0,0,0,0,0
641,2,2,0,0,0,0,0,1
642,2,2,0,0,0,0,1,0
643,2,2,0,0,0,0,1,1
644,2,2,0,0,0,1,0,0
645,2,2,0,0,0,1,0,1
646,2,2,0,0,0,1,1,0
647,2,2,0,0,0,1,1,1
648,2,2,1,0,0,0,0,0
649,2,2,1,0,0,0,0,1
650,2,2,1,0,0,0,1,0
651,2,2,1,0,0,0,1,1
652,2,2,1,0,0,1,0,0
653,2,2,1,0,0,1,0,1
654,2,2,1,0,0,1,1,0
655,2,2,1,0,0,1,1,1
656,2,2,2,0,0,0,0,0
657,2,2,2,0,0,0,0,1
658,2,2,2,0,0,0,1,0
659,2,2,2,0,0,0,1,1
660,2,2,2,0,0,1,0,0
661,2,2,2,0,0,1,0,1
662,2,2,2,0,0,1,1,0
663,2,2,2,0,0,1,1,1
664,2,2,3,0,0,0,0,0
665,2,2,3,0,0,0,0,1
666,2,2,3,0,0,0,1,0
667,2,2,3,0,0,0,1,1
668,2,2,3,0,0,1,0,0
669,2,2,3,0,0,1,0,1
670,2,2,3,0,0,1,1,0
671,2,2,3,0,0,1,1,1
672,2,2,4,0,0,0,0,0
673,2,2,4,0,0,0,0,1
674,2,2,4,0,0,0,1,0
675,2,2,4,0,0,0,1,1
676,2,2,4,0,0,1,0,0
677,2,2,4,0,0,1,0,1
678,2,2,4,0,0,1,1,0
679,2,2,4,0,0,1,1,1
680,2,2,0,1,0,0,0,0
681,2,2,0,1,0,0,0,1
682,2,2,0,1,0,0,1,0
683,2,2,0,1,0,0,1,1
684,2,2,0,1,0,1,0,0
685,2,2,0,1,0,1,0,1
686,2,2,0,1,0,1,1,0
687,2,2,0,1,0,1,1,1
688,2,2,1,1,0,0,0,0
689,2,2,1,1,0,0,0,1
690,2,2,1,1,0,0,1,0
691,2,2,1,1,0,0,1,1
692,2,2,1,1,0,1,0,0
693,2,2,1,1,0,1,0,1
694,2,2,1,1,0,1,1,0
695,2,2,1,1,0,1,1,1
696,2,2,2,1,0,0,0,0
697,2,2,2,1,0,0,0,1
698,2,2,2,1,0,0,1,0
699,2,2,2,1,0,0,1,1
700,2,2,2,1,0,1,0,0
701,2,2,2,1,0,1,0,1
702,2,2,2,1,0,1,1,0
703,2,2,2,1,0,1,1,1
704,2,2,3,1,0,0,0,0
705,2,2,3,1,0,0,0,1
706,2,2,3,1,0,0,1,0
707,2,2,3,1,0,0,1,1
708,2,2,3,1,0,1,0,0
709,2,2,3,1,0,1,0,1
710,2,2,3,1,0,1,1,0
711,2,2,3,1,0,1,1,1
712,2,2,4,1,0,0,0,0
713,2,2,4,1,0,0,0,1
714,2,2,4,1,0,0,1,0
715,2,2,4,1,0,0,1,1
716,2,2,4,1,0,1,0,0
717,2,2,4,1,0,1,0,1
718,2,2,4,1,0,1,1,0
719,2,2,4,1,0,1,1,1
720,0,0,0,0,1,0,0,0
721,0,0,0,0,1,0,0,1
722,0,0,0,0,1,0,1,0
723,0,0,0,0,1,0,1,1
724,0,0,0,0,1,1,0,0
725,0,0,0,0,1,1,0,1
726,0,0,0,0,1,1,1,0
727,0,0,0,0,1,1,1,1
728,0,0,1,0,1,0,0,0
729,0,0,1,0,1,0,0,1
730,0,0,1,0,1,0,1,0
731,0,0,1,0,1,0,1,1
732,0,0,1,0,1,1,0,0
733,0,0,1,0,1,1,0,1
734,0,0,1,0,1,1,1,0
735,0,0,1,0,1,1,1,1
736,0,0,2,0,1,0,0,0
737,0,0,2,0,1,0,0,1
738,0,0,2,0,1,0,1,0
739,0,0,2,0,1,0,1,1
740,0,0,2,0,1,1,0,0
741,0,0,2,0,1,1,0,1
742,0,0,2,0,1,1,1,0
743,0,0,2,0,1,1,1,1
744,0,0,3,0,1,0,0,0
745,0,0,3,0,1,0,0,1
746,0,0,3,0,1,0,1,0
747,0,0,3,0,1,0,1,1
748,0,0,3,0,1,1,0,0
749,0,0,3,0,1,1,0,1
750,0,0,3,0,1,1,1,0
751,0,0,3,0,1,1,1,1
752,0,0,4,0,1,0,0,0
753,0,0,4,0,1,0,0,1
754,0,0,4,0,1,0,1,0
755,0,0,4,0,1,0,1,1
756,0,0,4,0,1,1,0,0
757,0,0,4,0,1,1,0,1
758,0,0,4,0,1,1,1,0
759,0,0,4,0,1,1,1,1
760,0,0,0,1,1,0,0,0
761,0,0,0,1,1,0,0,1
762,0,0,0,1,1,0,1,0
763,0,0,0,1,1,0,1,1
764,0,0,0,1,1,1,0,0
765,0,0,0,1,1,1,0,1
766,0,0,0,1,1,1,1,0
767,0,0,0,1,1,1,1,1
768,0,0,1,1,1,0,0,0
769,0,0,1,1,1,0,0,1
770,0,0,1,1,1,0,1,0
771,0,0,1,1,1,0,1,1
772,0,0,1,1,1,1,0,0
773,0,0,1,1,1,1,0,1
774,0,0,1,1,1,1,1,0
775,0,0,1,1,1,1,1,1
776,0,0,2,1,1,0,0,0
777,0,0,2,1,1,0,0,1
778,0,0,2,1,1,0,1,0
779,0,0,2,1,1,0,1,1
780,0,0,2,1,1,1,0,0
781,0,0,2,1,1,1,0,1
782,0,0,2,1,1,1,1,0
783,0,0,2,1,1,1,1,1
784,0,0,3,1,1,0,0,0
785,0,0,3,1,1,0,0,1
786,0,0,3,1,1,0,1,0
787,0,0,3,1,1,0,1,1
788,0,0,3,1,1,1,0,0
789,0,0,3,1,1,1,0,1
790,0,0,3,1,1,1,1,0
791,0,0,3,1,1,1,1,1
792,0,0,4,1,1,0,0,0
793,0,0,4,1,1,0,0,1
794,0,0,4,1,1,0,1,0
795,0,0,4,1,1,0,1,1
796,0,0,4,1,1,1,0,0
797,0,0,4,1,1,1,0,1
798,0,0,4,1,1,1,1,0
799,0,0,4,1,1,1,1,1
800,0,1,0,0,1,0,0,0
801,0,1,0,0,1,0,0,1
802,0,1,0,0,1,0,1,0
803,0,1,0,0,1,0,1,1
804,0,1,0,0,1,1,0,0
805,0,1,0,0,1,1,0,1
806,0,1,0,0,1,1,1,0
807,0,1,0,0,1,1,1,1
808,0,1,1,0,1,0,0,0
809,0,1,1,0,1,0,0,1
810,0,1,1,0,1,0,1,0
811,0,1,1,0,1,0,1,1
812,0,1,1,0,1,1,0,0
813,0,1,1,0,1,1,0,1
814,0,1,1,0,1,1,1,0
815,0,1,1,0,1,1,1,1
816,0,1,2,0,1,0,0,0
817,0,1,2,0,1,0,0,1
818,0,1,2,0,1,0,1,0
819,0,1,2,0,1,0,1,1
820,0,1,2,0,1,1,0,0
821,0,1,2,0,1,1,0,1
822,0,1,2,0,1,1,1,0
823,0,1,2,0,1,1,1,1
824,0,1,3,0,1,0,0,0
825,0,1,3,0,1,0,0,1
826,0,1,3,0,1,0,1,0
827,0,1,3,0,1,0,1,1
828,0,1,3,0,1,1,0,0
829,0,1,3,0,1,1,0,1
830,0,1,3,0,1,1,1,0
831,0,1,3,0,1,1,1,1
832,0,1,4,0,1,0,0,0
833,0,1,4,0,1,0,0,1
834,0,1,4,0,1,0,1,0
835,0,1,4,0,1,0,1,1
836,0,1,4,0,1,1,0,0
837,0,1,4,0,1,1,0,1
838,0,1,4,0,1,1,1,0
839,0,1,4,0,1,1,1,1
840,0,1,0,1,1,0,0,0
841,0,1,0,1,1,0,0,1
842,0,1,0,1,1,0,1,0
843,0,1,0,1,1,0,1,1
844,0,1,0,1,1,1,0,0
845,0,1,0,1,1,1,0,1
846,0,1,0,1,1,1,1,0
847,0,1,0,1,1,1,1,1
848,0,1,1,1,1,0,0,0
849,0,1,1,1,1,0,0,1
850,0,1,1,1,1,0,1,0
851,0,1,1,1,1,0,1,1
852,0,1,1,1,1,1,0,0
853,0,1,1,1,1,1,0,1
854,0,1,1,1,1,1,1,0
855,0,1,1,1,1,1,1,1
856,0,1,2,1,1,0,0,0
857,0,1,2,1,1,0,0,1
858,0,1,2,1,1,0,1,0
859,0,1,2,1,1,0,1,1
860,0,1,2,1,1,1,0,0
861,0,1,2,1,1,1,0,1
862,0,1,2,1,1,1,1,0
863,0,1,2,1,1,1,1,1
864,0,1,3,1,1,0,0,0
865,0,1,3,1,1,0,0,1
866,0,1,3,1,1,0,1,0
867,0,1,3,1,1,0,1,1
868,0,1,3,1,1,1,0,0
869,0,1,3,1,1,1,0,1
870,0,1,3,1,1,1,1,0
871,0,1,3,1,1,1,1,1
872,0,1,4,1,1,0,0,0
873,0,1,4,1,1,0,0,1
874,0,1,4,1,1,0,1,0
875,0,1,4,1,1,0,1,1
876,0,1,4,1,1,1,0,0
877,0,1,4,1,1,1,0,1
878,0,1,4,1,1,1,1,0
879,0,1,4,1,1,1,1,1
880,0,2,0,0,1,0,0,0
881,0,2,0,0,1,0,0,1
882,0,2,0,0,1,0,1,0
883,0,2,0,0,1,0,1,1
884,0,2,0,0,1,1,0,0
885,0,2,0,0,1,1,0,1
886,0,2,0,0,1,1,1,0
887,0,2,0,0,1,1,1,1
888,0,2,1,0,1,0,0,0
889,0,2,1,0,1,0,0,1
890,0,2,1,0,1,0,1,0
891,0,2,1,0,1,0,1,1
892,0,2,1,0,1,1,0,0
893,0,2,1,0,1,1,0,1
894,0,2,1,0,1,1,1,0
895,0,2,1,0,1,1,1,1
896,0,2,2,0,1,0,0,0
897,0,2,2,0,1,0,0,1
898,0,2,2,0,1,0,1,0
899,0,2,2,0,1,0,1,1
900,0,2,2,0,1,1,0,0
901,0,2,2,0,1,1,0,1
902,0,2,2,0,1,1,1,0
903,0,2,2,0,1,1,1,1
904,0,2,3,0,1,0,0,0
905,0,2,3,0,1,0,0,1
906,0,2,3,0,1,0,1,0
907,0,2,3,0,1,0,1,1
908,0,2,3,0,1,1,0,0
909,0,2,3,0,1,1,0,1
910,0,2,3,0,1,1,1,0
911,0,2,3,0,1,1,1,1
912,0,2,4,0,1,0,0,0
913,0,2,4,0,1,0,0,1
914,0,2,4,0,1,0,1,0
915,0,2,4,0,1,0,1,1
916,0,2,4,0,1,1,0,0
917,0,2,4,0,1,1,0,1
918,0,2,4,0,1,1,1,0
919,0,2,4,0,1,1,1,1
920,0,2,0,1,1,0,0,0
921,0,2,0,1,1,0,0,1
922,0,2,0,1,1,0,1,0
923,0,2,0,1,1,0,1,1
924,0,2,0,1,1,1,0,0
925,0,2,0,1,1,1,0,1
926,0,2,0,1,1,1,1,0
927,0,2,0,1,1,1,1,1
928,0,2,1,1,1,0,0,0
929,0,2,1,1,1,0,0,1
930,0,2,1,1,1,0,1,0
931,0,2,1,1,1,0,1,1
932,0,2,1,1,1,1,0,0
933,0,2,1,1,1,1,0,1
934,0,2,1,1,1,1,1,0
935,0,2,1,1,1,1,1,1
936,0,2,2,1,1,0,0,0
937,0,2,2,1,1,0,0,1
938,0,2,2,1,1,0,1,0
939,0,2,2,1,1,0,1,1
940,0,2,2,1,1,1,0,0
941,0,2,2,1,1,1,0,1
942,0,2,2,1,1,1,1,0
943,0,2,2,1,1,1,1,1
944,0,2,3,1,1,0,0,0
945,0,2,3,1,1,0,0,1
946,0,2,3,1,1,0,1,0
947,0,2,3,1,1,0,1,1
948,0,2,3,1,1,1,0,0
949,0,2,3,1,1,1,0,1
950,0,2,3,1,1,1,1,0
951,0,2,3,1,1,1,1,1
952,0,2,4,1,1,0,0,0
953,0,2,4,1,1,0,0,1
954,0,2,4,1,1,0,1,0
955,0,2,4,1,1,0,1,1
956,0,2,4,1,1,1,0,0
957,0,2,4,1,1,1,0,1
958,0,2,4,1,1,1,1,0
959,0,2,4,1,1,1,1,1
960,1,0,0,0,1,0,0,0
961,1,0,0,0,1,0,0,1
962,1,0,0,0,1,0,1,0
963,1,0,0,0,1,0,1,1
964,1,0,0,0,1,1,0,0
965,1,0,0,0,1,1,0,1
966,1,0,0,0,1,1,1,0
967,1,0,0,0,1,1,1,1
968,1,0,1,0,1,0,0,0
969,1,0,1,0,1,0,0,1
970,1,0,1,0,1,0,1,0
971,1,0,1,0,1,0,1,1
972,1,0,1,0,1,1,0,0
973,1,0,1,0,1,1,0,1
974,1,0,1,0,1,1,1,0
975,1,0,1,0,1,1,1,1
976,1,0,2,0,1,0,0,0
977,1,0,2,0,1,0,0,1
978,1,0,2,0,1,0,1,0
979,1,0,2,0,1,0,1,1
980,1,0,2,0,1,1,0,0
981,1,0,2,0,1,1,0,1
982,1,0,2,0,1,1,1,0
983,1,0,2,0,1,1,1,1
984,1,0,3,0,1,0,0,0
985,1,0,3,0,1,0,0,1
986,1,0,3,0,1,0,1,0
987,1,0,3,0,1,0,1,1
988,1,0,3,0,1,1,0,0
989,1,0,3,0,1,1,0,1
990,1,0,3,0,1,1,1,0
991,1,0,3,0,1,1,1,1
992,1,0,4,0,1,0,0,0
993,1,0,4,0,1,0,0,1
994,1,0,4,0,1,0,1,0
995,1,0,4,0,1,0,1,1
996,1,0,4,0,1,1,0,0
997,1,0,4,0,1,1,0,1
998,1,0,4,0,1,1,1,0
999,1,0,4,0,1,1,1,1
1000,1,0,0,1,1,0,0,0
1001,1,0,0,1,1,0,0,1
1002,1,0,0,1,1,0,1,0
1003,1,0,0,1,1,0,1,1
1004,1,0,0,1,1,1,0,0
1005,1,0,0,1,1,1,0,1
1006,1,0,0,1,1,1,1,0
1007,1,0,0,1,1,1,1,1
1008,1,0,1,1,1,0,0,0
1009,1,0,1,1,1,0,0,1
1010,1,0,1,1,1,0,1,0
1011,1,0,1,1,1,0,1,1
1012,1,0,1,1,1,1,0,0
1013,1,0,1,1,1,1,0,1
1014,1,0,1,1,1,1,1,0
1015,1,0,1,1,1,1,1,1
1016,1,0,2,1,1,0,0,0
1017,1,0,2,1,1,0,0,1
1018,1,0,2,1,1,0,1,0
1019,1,0,2,1,1,0,1,1
1020,1,0,2,1,1,1,0,0
1021,1,0,2,1,1,1,0,1
1022,1,0,2,1,1,1,1,0
1023,1,0,2,1,1,1,1,1
1024,1,0,3,1,1,0,0,0
1025,1,0,3,1,1,0,0,1
1026,1,0,3,1,1,0,1,0
1027,1,0,3,1,1,0,1,1
1028,1,0,3,1,1,1,0,0
1029,1,0,3,1,1,1,0,1
1030,1,0,3,1,1,1,1,0
1031,1,0,3,1,1,1,1,1
1032,1,0,4,1,1,0,0,0
1033,1,0,4,1,1,0,0,1
1034,1,0,4,1,1,0,1,0
1035,1,0,4,1,1,0,1,1
1036,1,0,4,1,1,1,0,0
1037,1,0,4,1,1,1,0,1
1038,1,0,4,1,1,1,1,0
1039,1,0,4,1,1,1,1,1
1040,1,1,0,0,1,0,0,0
1041,1,1,0,0,1,0,0,1
1042,1,1,0,0,1,0,1,0
1043,1,1,0,0,1,0,1,1
1044,1,1,0,0,1,1,0,0
1045,1,1,0,0,1,1,0,1
1046,1,1,0,0,1,1,1,0
1047,1,1,0,0,1,1,1,1
1048,1,1,1,0,1,0,0,0
1049,1,1,1,0,1,0,0,1
1050,1,1,1,0,1,0,1,0
1051,1,1,1,0,1,0,1,1
1052,1,1,1,0,1,1,0,0
1053,1,1,1,0,1,1,0,1
1054,1,1,1,0,1,1,1,0
1055,1,1,1,0,1,1,1,1
1056,1,1,2,0,1,0,0,0
1057,1,1,2,0,1,0,0,1
1058,1,1,2,0,1,0,1,0
1059,1,1,2,0,1,0,1,1
1060,1,1,2,0,1,1,0,0
1061,1,1,2,0,1,1,0,1
1062,1,1,2,0,1,1,1,0
1063,1,1,2,0,1,1,1,1
1064,1,1,3,0,1,0,0,0
1065,1,1,3,0,1,0,0,1
1066,1,1,3,0,1,0,1,0
1067,1,1,3,0,1,0,1,1
1068,1,1,3,0,1,1,0,0
1069,1,1,3,0,1,1,0,1
1070,1,1,3,0,1,1,1,0
1071,1,1,3,0,1,1,1,1
1072,1,1,4,0,1,0,0,0
1073,1,1,4,0,1,0,0,1
1074,1,1,4,0,1,0,1,0
1075,1,1,4,0,1,0,1,1
1076,1,1,4,0,1,1,0,0
1077,1,1,4,0,1,1,0,1
1078,1,1,4,0,1,1,1,0
1079,1,1,4,0,1,1,1,1
1080,1,1,0,1,1,0,0,0
1081,1,1,0,1,1,0,0,1
1082,1,1,0,1,1,0,1,0
1083,1,1,0,1,1,0,1,1
1084,1,1,0,1,1,1,0,0
1085,1,1,0,1,1,1,0,1
1086,1,1,0,1,1,1,1,0
1087,1,1,0,1,1,1,1,1
1088,1,1,1,1,1,0,0,0
1089,1,1,1,1,1,0,0,1
1090,1,1,1,1,1,0,1,0
1091,1,1,1,1,1,0,1,1
1092,1,1,1,1,1,1,0,0
1093,1,1,1,1,1,1,0,1
1094,1,1,1,1,1,1,1,0
1095,1,1,1,1,1,1,1,1
1096,1,1,2,1,1,0,0,0
1097,1,1,2,1,1,0,0,1
1098,1,1,2,1,1,0,1,0
1099,1,1,2,1,1,0,1,1
1100,1,1,2,1,1,1,0,0
1101,1,1,2,1,1,1,0,1
1102,1,1,2,1,1,1,1,0
1103,1,1,2,1,1,1,1,1
1104,1,1,3,1,1,0,0,0
1105,1,1,3,1,1,0,0,1
1106,1,1,3,1,1,0,1,0
1107,1,1,3,1,1,0,1,1
1108,1,1,3,1,1,1,0,0
1109,1,1,3,1,1,1,0,1
1110,1,1,3,1,1,1,1,0
1111,1,1,3,1,1,1,1,1
1112,1,1,4,1,1,0,0,0
1113,1,1,4,1,1,0,0,1
1114,1,1,4,1,1,0,1,0
1115,1,1,4,1,1,0,1,1
1116,1,1,4,1,1,1,0,0
1117,1,1,4,1,1,1,0,1
1118,1,1,4,1,1,1,1,0
1119,1,1,4,1,1,1,1,1
1120,1,2,0,0,1,0,0,0
1121,1,2,0,0,1,0,0,1
1122,1,2,0,0,1,0,1,0
1123,1,2,0,0,1,0,1,1
1124,1,2,0,0,1,1,0,0
1125,1,2,0,0,1,1,0,1
1126,1,2,0,0,1,1,1,0
1127,1,2,0,0,1,1,1,1
1128,1,2,1,0,1,0,0,0
1129,1,2,1,0,1,0,0,1
1130,1,2,1,0,1,0,1,0
1131,1,2,1,0,1,0,1,1
1132,1,2,1,0,1,1,0,0
1133,1,2,1,0,1,1,0,1
1134,1,2,1,0,1,1,1,0
1135,1,2,1,0,1,1,1,1
1136,1,2,2,0,1,0,0,0
1137,1,2,2,0,1,0,0,1
1138,1,2,2,0,1,0,1,0
1139,1,2,2,0,1,0,1,1
1140,1,2,2,0,1,1,0,0
1141,1,2,2,0,1,1,0,1
1142,1,2,2,0,1,1,1,0
1143,1,2,2,0,1,1,1,1
1144,1,2,3,0,1,0,0,0
1145,1,2,3,0,1,0,0,1
1146,1,2,3,0,1,0,1,0
1147,1,2,3,0,1,0,1,1
1148,1,2,3,0,1,1,0,0
1149,1,2,3,0,1,1,0,1
1150,1,2,3,0,1,1,1,0
1151,1,2,3,0,1,1,1,1
1152,1,2,4,0,1,0,0,0
1153,1,2,4,0,1,0,0,1
1154,1,2,4,0,1,0,1,0
1155,1,2,4,0,1,0,1,1
1156,1,2,4,0,1,1,0,0
1157,1,2,4,0,1,1,0,1
1158,1,2,4,0,1,1,1,0
1159,1,2,4,0,1,1,1,1
1160,1,2,0,1,1,0,0,0
1161,1,2,0,1,1,0,0,1
1162,1,2,0,1,1,0,1,0
1163,1,2,0,1,1,0,1,1
1164,1,2,0,1,1,1,0,0
1165,1,2,0,1,1,1,0,1
1166,1,2,0,1,1,1,1,0
1167,1,2,0,1,1,1,1,1
1168,1,2,1,1,1,0,0,0
1169,1,2,1,1,1,0,0,1
1170,1,2,1,1,1,0,1,0
1171,1,2,1,1,1,0,1,1
1172,1,2,1,1,1,1,0,0
1173,1,2,1,1,1,1,0,1
1174,1,2,1,1,1,1,1,0
1175,1,2,1,1,1,1,1,1
1176,1,2,2,1,1,0,0,0
1177,1,2,2,1,1,0,0,1
1178,1,2,2,1,1,0,1,0
1179,1,2,2,1,1,0,1,1
1180,1,2,2,1,1,1,0,0
1181,1,2,2,1,1,1,0,1
1182,1,2,2,1,1,1,1,0
1183,1,2,2,1,1,1,1,1
1184,1,2,3,1,1,0,0,0
1185,1,2,3,1,1,0,0,1
1186,1,2,3,1,1,0,1,0
1187,1,2,3,1,1,0,1,1
1188,1,2,3,1,1,1,0,0
1189,1,2,3,1,1,1,0,1
1190,1,2,3,1,1,1,1,0
1191,1,2,3,1,1,1,1,1
1192,1,2,4,1,1,0,0,0
1193,1,2,4,1,1,0,0,1
1194,1,2,4,1,1,0,1,0
1195,1,2,4,1,1,0,1,1
1196,1,2,4,1,1,1,0,0
1197,1,2,4,1,1,1,0,1
1198,1,2,4,1,1,1,1,0
1199,1,2,4,1,1,1,1,1
1200,2,0,0,0,1,0,0,0
1201,2,0,0,0,1,0,0,1
1202,2,0,0,0,1,0,1,0
1203,2,0,0,0,1,0,1,1
1204,2,0,0,0,1,1,0,0
1205,2,0,0,0,1,1,0,1
1206,2,0,0,0,1,1,1,0
1207,2,0,0,0,1,1,1,1
1208,2,0,1,0,1,0,0,0
1209,2,0,1,0,1,0,0,1
1210,2,0,1,0,1,0,1,0
1211,2,0,1,0,1,0,1,1
1212,2,0,1,0,1,1,0,0
1213,2,0,1,0,1,1,0,1
1214,2,0,1,0,1,1,1,0
1215,2,0,1,0,1,1,1,1
1216,2,0,2,0,1,0,0,0
1217,2,0,2,0,1,0,0,1
1218,2,0,2,0,1,0,1,0
1219,2,0,2,0,1,0,1,1
1220,2,0,2,0,1,1,0,0
1221,2,0,2,0,1,1,0,1
1222,2,0,2,0,1,1,1,0
1223,2,0,2,0,1,1,1,1
1224,2,0,3,0,1,0,0,0
1225,2,0,3,0,1,0,0,1
1226,2,0,3,0,1,0,1,0
1227,2,0,3,0,1,0,1,1
1228,2,0,3,0,1,1,0,0
1229,2,0,3,0,1,1,0,1
1230,2,0,3,0,1,1,1,0
1231,2,0,3,0,1,1,1,1
1232,2,0,4,0,1,0,0,0
1233,2,0,4,0,1,0,0,1
1234,2,0,4,0,1,0,1,0
1235,2,0,4,0,1,0,1,1
1236,2,0,4,0,1,1,0,0
1237,2,0,4,0,1,1,0,1
1238,2,0,4,0,1,1,1,0
1239,2,0,4,0,1,1,1,1
1240,2,0,0,1,1,0,0,0
1241,2,0,0,1,1,0,0,1
1242,2,0,0,1,1,0,1,0
1243,2,0,0,1,1,0,1,1
1244,2,0,0,1,1,1,0,0
1245,2,0,0,1,1,1,0,1
1246,2,0,0,1,1,1,1,0
1247,2,0,0,1,1,1,1,1
1248,2,0,1,1,1,0,0,0
1249,2,0,1,1,1,0,0,1
1250,2,0,1,1,1,0,1,0
1251,2,0,1,1,1,0,1,1
1252,2,0,1,1,1,1,0,0
1253,2,0,1,1,1,1,0,1
1254,2,0,1,1,1,1,1,0
1255,2,0,1,1,1,1,1,1
1256,2,0,2,1,1,0,0,0
1257,2,0,2,1,1,0,0,1
1258,2,0,2,1,1,0,1,0
1259,2,0,2,1,1,0,1,1
1260,2,0,2,1,1,1,0,0
1261,2,0,2,1,1,1,0,1
1262,2,0,2,1,1,1,1,0
1263,2,0,2,1,1,1,1,1
1264,2,0,3,1,1,0,0,0
1265,2,0,3,1,1,0,0,1
1266,2,0,3,1,1,0,1,0
1267,2,0,3,1,1,0,1,1
1268,2,0,3,1,1,1,0,0
1269,2,0,3,1,1,1,0,1
1270,2,0,3,1,1,1,1,0
1271,2,0,3,1,1,1,1,1
1272,2,0,4,1,1,0,0,0
1273,2,0,4,1,1,0,0,1
1274,2,0,4,1,1,0,1,0
1275,2,0,4,1,1,0,1,1
1276,2,0,4,1,1,1,0,0
1277,2,0,4,1,1,1,0,1
1278,2,0,4,1,1,1,1,0
1279,2,0,4,1,1,1,1,1
1280,2,1,0,0,1,0,0,0
1281,2,1,0,0,1,0,0,1
1282,2,1,0,0,1,0,1,0
1283,2,1,0,0,1,0,1,1
1284,2,1,0,0,1,1,0,0
1285,2,1,0,0,1,1,0,1
1286,2,1,0,0,1,1,1,0
1287,2,1,0,0,1,1,1,1
1288,2,1,1,0,1,0,0,0
1289,2,1,1,0,1,0,0,1
1290,2,1,1,0,1,0,1,0
1291,2,1,1,0,1,0,1,1
1292,2,1,1,0,1,1,0,0
1293,2,1,1,0,1,1,0,1
1294,2,1,1,0,1,1,1,0
1295,2,1,1,0,1,1,1,1
1296,2,1,2,0,1,0,0,0
1297,2,1,2,0,1,0,0,1
1298,2,1,2,0,1,0,1,0
1299,2,1,2,0,1,0,1,1
1300,2,1,2,0,1,1,0,0
1301,2,1,2,0,1,1,0,1
1302,2,1,2,0,1,1,1,0
1303,2,1,2,0,1,1,1,1
1304,2,1,3,0,1,0,0,0
1305,2,1,3,0,1,0,0,1
1306,2,1,3,0,1,0,1,0
1307,2,1,3,0,1,0,1,1
1308,2,1,3,0,1,1,0,0
1309,2,1,3,0,1,1,0,1
1310,2,1,3,0,1,1,1,0
1311,2,1,3,0,1,1,1,1
1312,2,1,4,0,1,0,0,0
1313,2,1,4,0,1,0,0,1
1314,2,1,4,0,1,0,1,0
1315,2,1,4,0,1,0,1,1
1316,2,1,4,0,1,1,0,0
1317,2,1,4,0,1,1,0,1
1318,2,1,4,0,1,1,1,0
1319,2,1,4,0,1,1,1,1
1320,2,1,0,1,1,0,0,0
1321,2,1,0,1,1,0,0,1
1322,2,1,0,1,1,0,1,0
1323,2,1,0,1,1,0,1,1
1324,2,1,0,1,1,1,0,0
1325,2,1,0,1,1,1,0,1
1326,2,1,0,1,1,1,1,0
1327,2,1,0,1,1,1,1,1
1328,2,1,1,1,1,0,0,0
1329,2,1,1,1,1,0,0,1
1330,2,1,1,1,1,0,1,0
1331,2,1,1,1,1,0,1,1
1332,2,1,1,1,1,1,0,0
1333,2,1,1,1,1,1,0,1
1334,2,1,1,1,1,1,1,0
1335,2,1,1,1,1,1,1,1
1336,2,1,2,1,1,0,0,0
1337,2,1,2,1,1,0,0,1
1338,2,1,2,1,1,0,1,0
1339,2,1,2,1,1,0,1,1
1340,2,1,2,1,1,1,0,0
1341,2,1,2,1,1,1,0,1
1342,2,1,2,1,1,1,1,0
1343,2,1,2,1,1,1,1,1
1344,2,1,3,1,1,0,0,0
1345,2,1,3,1,1,0,0,1
1346,2,1,3,1,1,0,1,0
1347,2,1,3,1,1,0,1,1
1348,2,1,3,1,1,1,0,0
1349,2,1,3,1,1,1,0,1
1350,2,1,3,1,1,1,1,0
1351,2,1,3,1,1,1,1,1
1352,2,1,4,1,1,0,0,0
1353,2,1,4,1,1,0,0,1
1354,2,1,4,1,1,0,1,0
1355,2,1,4,1,1,0,1,1
1356,2,1,4,1,1,1,0,0
1357,2,1,4,1,1,1,0,1
1358,2,1,4,1,1,1,1,0
1359,2,1,4,1,1,1,1,1
1360,2,2,0,0,1,0,0,0
1361,2,2,0,0,1,0,0,1
1362,2,2,0,0,1,0,1,0
1363,2,2,0,0,1,0,1,1
1364,2,2,0,0,1,1,0,0
1365,2,2,0,0,1,1,0,1
1366,2,2,0,0,1,1,1,0
1367,2,2,0,0,1,1,1,1
1368,2,2,1,0,1,0,0,0
1369,2,2,1,0,1,0,0,1
1370,2,2,1,0,1,0,1,0
1371,2,2,1,0,1,0,1,1
1372,2,2,1,0,1,1,0,0
1373,2,2,1,0,1,1,0,1
1374,2,2,1,0,1,1,1,0
1375,2,2,1,0,1,1,1,1
1376,2,2,2,0,1,0,0,0
1377,2,2,2,0,1,0,0,1
1378,2,2,2,0,1,0,1,0
1379,2,2,2,0,1,0,1,1
1380,2,2,2,0,1,1,0,0
1381,2,2,2,0,1,1,0,1
1382,2,2,2,0,1,1,1,0
1383,2,2,2,0,1,1,1,1
1384,2,2,3,0,1,0,0,0
1385,2,2,3,0,1,0,0,1
1386,2,2,3,0,1,0,1,0
1387,2,2,3,0,1,0,1,1
1388,2,2,3,0,1,1,0,0
1389,2,2,3,0,1,1,0,1
1390,2,2,3,0,1,1,1,0
1391,2,2,3,0,1,1,1,1
1392,2,2,4,0,1,0,0,0
1393,2,2,4,0,1,0,0,1
1394,2,2,4,0,1,0,1,0
1395,2,2,4,0,1,0,1,1
1396,2,2,4,0,1,1,0,0
1397,2,2,4,0,1,1,0,1
1398,2,2,4,0,1,1,1,0
1399,2,2,4,0,1,1,1,1
1400,2,2,0,1,1,0,0,0
1401,2,2,0,1,1,0,0,1
1402,2,2,0,1,1,0,1,0
1403,2,2,0,1,1,0,1,1
1404,2,2,0,1,1,1,0,0
1405,2,2,0,1,1,1,0,1
1406,2,2,0,1,1,1,1,0
1407,2,2,0,1,1,1,1,1
1408,2,2,1,1,1,0,0,0
1409,2,2,1,1,1,0,0,1
1410,2,2,1,1,1,0,1,0
1411,2,2,1,1,1,0,1,1
1412,2,2,1,1,1,1,0,0
1413,2,2,1,1,1,1,0,1
1414,2,2,1,1,1,1,1,0
1415,2,2,1,1,1,1,1,1
1416,2,2,2,1,1,0,0,0
1417,2,2,2,1,1,0,0,1
1418,2,2,2,1,1,0,1,0
1419,2,2,2,1,1,0,1,1
1420,2,2,2,1,1,1,0,0
1421,2,2,2,1,1,1,0,1
1422,2,2,2,1,1,1,1,0
1423,2,2,2,1,1,1,1,1
1424,2,2,3,1,1,0,0,0
1425,2,2,3,1,1,0,0,1
1426,2,2,3,1,1,0,1,0
1427,2,2,3,1,1,0,1,1
1428,2,2,3,1,1,1,0,0
1429,2,2,3,1,1,1,0,1
1430,2,2,3,1,1,1,1,0
1431,2,2,3,1,1,1,1,1
1432,2,2,4,1,1,0,0,0
1433,2,2,4,1,1,0,0,1
1434,2,2,4,1,1,0,1,0
1435,2,2,4,1,1,0,1,1
1436,2,2,4,1,1,1,0,0
1437,2,2,4,1,1,1,0,1
1438,2,2,4,1,1,1,1,0
1439,2,2,4,1,1,1,1,1
